season,group,six_score,style,games,wins,losses,win_rate
2024,G6,0,Pass majority,18,4,14,0.2222222222222222
2024,G6,0,Run majority,23,4,19,0.17391304347826086
2024,G6,1,Pass majority,39,15,24,0.38461538461538464
2024,G6,1,Run majority,43,13,30,0.3023255813953488
2024,G6,2,Balanced,3,2,1,0.6666666666666666
2024,G6,2,Pass majority,35,10,25,0.2857142857142857
2024,G6,2,Run majority,80,28,52,0.35
2024,G6,3,Pass majority,32,15,17,0.46875
2024,G6,3,Run majority,71,36,35,0.5070422535211268
2024,G6,4,Pass majority,33,22,11,0.6666666666666666
2024,G6,4,Run majority,77,53,24,0.6883116883116883
2024,G6,5,Balanced,1,1,0,1.0
2024,G6,5,Pass majority,18,14,4,0.7777777777777778
2024,G6,5,Run majority,61,38,23,0.6229508196721312
2024,G6,6,Pass majority,6,5,1,0.8333333333333334
2024,G6,6,Run majority,32,26,6,0.8125
2024,P4,0,Pass majority,22,8,14,0.36363636363636365
2024,P4,0,Run majority,28,4,24,0.14285714285714285
2024,P4,1,Pass majority,31,13,18,0.41935483870967744
2024,P4,1,Run majority,62,16,46,0.25806451612903225
2024,P4,2,Balanced,2,1,1,0.5
2024,P4,2,Pass majority,37,14,23,0.3783783783783784
2024,P4,2,Run majority,80,27,53,0.3375
2024,P4,3,Balanced,1,0,1,0.0
2024,P4,3,Pass majority,26,15,11,0.5769230769230769
2024,P4,3,Run majority,88,45,43,0.5113636363636364
2024,P4,4,Balanced,1,1,0,1.0
2024,P4,4,Pass majority,31,22,9,0.7096774193548387
2024,P4,4,Run majority,72,44,28,0.6111111111111112
2024,P4,5,Pass majority,26,17,9,0.6538461538461539
2024,P4,5,Run majority,68,48,20,0.7058823529411765
2024,P4,6,Pass majority,10,7,3,0.7
2024,P4,6,Run majority,33,27,6,0.8181818181818182
2025,G6,0,Pass majority,12,3,9,0.25
2025,G6,0,Run majority,30,8,22,0.26666666666666666
2025,G6,1,Balanced,2,1,1,0.5
2025,G6,1,Pass majority,40,12,28,0.3
2025,G6,1,Run majority,44,21,23,0.4772727272727273
2025,G6,2,Balanced,1,0,1,0.0
2025,G6,2,Pass majority,42,17,25,0.40476190476190477
2025,G6,2,Run majority,79,38,41,0.4810126582278481
2025,G6,3,Pass majority,36,17,19,0.4722222222222222
2025,G6,3,Run majority,80,44,36,0.55
2025,G6,4,Pass majority,28,12,16,0.42857142857142855
2025,G6,4,Run majority,87,49,38,0.5632183908045977
2025,G6,5,Balanced,4,4,0,1.0
2025,G6,5,Pass majority,20,7,13,0.35
2025,G6,5,Run majority,61,41,20,0.6721311475409836
2025,G6,6,Pass majority,5,2,3,0.4
2025,G6,6,Run majority,33,26,7,0.7878787878787878
2025,P4,0,Balanced,1,0,1,0.0
2025,P4,0,Pass majority,18,3,15,0.16666666666666666
2025,P4,0,Run majority,25,1,24,0.04
2025,P4,1,Pass majority,24,7,17,0.2916666666666667
2025,P4,1,Run majority,71,22,49,0.30985915492957744
2025,P4,2,Balanced,1,0,1,0.0
2025,P4,2,Pass majority,40,15,25,0.375
2025,P4,2,Run majority,64,23,41,0.359375
2025,P4,3,Balanced,2,1,1,0.5
2025,P4,3,Pass majority,38,16,22,0.42105263157894735
2025,P4,3,Run majority,101,54,47,0.5346534653465347
2025,P4,4,Balanced,1,1,0,1.0
2025,P4,4,Pass majority,24,13,11,0.5416666666666666
2025,P4,4,Run majority,84,57,27,0.6785714285714286
2025,P4,5,Pass majority,26,16,10,0.6153846153846154
2025,P4,5,Run majority,58,43,15,0.7413793103448276
2025,P4,6,Pass majority,8,7,1,0.875
2025,P4,6,Run majority,32,30,2,0.9375
2026,G6,0,Pass majority,2,0,2,0.0
2026,G6,0,Run majority,1,0,1,0.0
2026,G6,1,Pass majority,6,1,5,0.16666666666666666
2026,G6,1,Run majority,6,2,4,0.3333333333333333
2026,G6,2,Pass majority,6,1,5,0.16666666666666666
2026,G6,2,Run majority,19,9,10,0.47368421052631576
2026,G6,3,Pass majority,7,2,5,0.2857142857142857
2026,G6,3,Run majority,12,9,3,0.75
2026,G6,4,Balanced,1,0,1,0.0
2026,G6,4,Pass majority,7,4,3,0.5714285714285714
2026,G6,4,Run majority,16,10,6,0.625
2026,G6,5,Pass majority,1,1,0,1.0
2026,G6,5,Run majority,9,7,2,0.7777777777777778
2026,G6,6,Run majority,1,1,0,1.0
2026,P4,0,Balanced,1,1,0,1.0
2026,P4,0,Pass majority,4,1,3,0.25
2026,P4,0,Run majority,2,0,2,0.0
2026,P4,1,Pass majority,11,7,4,0.6363636363636364
2026,P4,1,Run majority,6,0,6,0.0
2026,P4,2,Pass majority,3,0,3,0.0
2026,P4,2,Run majority,12,6,6,0.5
2026,P4,3,Pass majority,4,1,3,0.25
2026,P4,3,Run majority,17,9,8,0.5294117647058824
2026,P4,4,Pass majority,4,3,1,0.75
2026,P4,4,Run majority,12,7,5,0.5833333333333334
2026,P4,5,Pass majority,4,1,3,0.25
2026,P4,5,Run majority,12,8,4,0.6666666666666666
2026,P4,6,Run majority,6,5,1,0.8333333333333334
