season,group,offense_advantages,style,teams,wins,losses,win_rate
2024,G6,Both,Balanced,1,1,0,1.0
2024,G6,Both,Pass majority,36,27,9,0.75
2024,G6,Both,Run majority,115,79,36,0.6869565217391305
2024,G6,Neither,Pass majority,57,19,38,0.3333333333333333
2024,G6,Neither,Run majority,95,26,69,0.2736842105263158
2024,G6,Pass only,Balanced,2,1,1,0.5
2024,G6,Pass only,Pass majority,64,25,39,0.390625
2024,G6,Pass only,Run majority,68,23,45,0.3382352941176471
2024,G6,Rush only,Balanced,1,1,0,1.0
2024,G6,Rush only,Pass majority,24,14,10,0.5833333333333334
2024,G6,Rush only,Run majority,109,70,39,0.6422018348623854
2024,P4,Both,Pass majority,45,31,14,0.6888888888888889
2024,P4,Both,Run majority,147,108,39,0.7346938775510204
2024,P4,Neither,Balanced,1,0,1,0.0
2024,P4,Neither,Pass majority,59,22,37,0.3728813559322034
2024,P4,Neither,Run majority,132,31,101,0.23484848484848486
2024,P4,Pass only,Balanced,3,2,1,0.6666666666666666
2024,P4,Pass only,Pass majority,53,29,24,0.5471698113207547
2024,P4,Pass only,Run majority,61,30,31,0.4918032786885246
2024,P4,Rush only,Pass majority,26,14,12,0.5384615384615384
2024,P4,Rush only,Run majority,91,42,49,0.46153846153846156
2025,G6,Both,Balanced,4,4,0,1.0
2025,G6,Both,Pass majority,34,16,18,0.47058823529411764
2025,G6,Both,Run majority,142,96,46,0.676056338028169
2025,G6,Neither,Balanced,2,1,1,0.5
2025,G6,Neither,Pass majority,71,22,49,0.30985915492957744
2025,G6,Neither,Run majority,107,41,66,0.38317757009345793
2025,G6,Pass only,Balanced,1,0,1,0.0
2025,G6,Pass only,Pass majority,53,23,30,0.4339622641509434
2025,G6,Pass only,Run majority,68,33,35,0.4852941176470588
2025,G6,Rush only,Pass majority,25,9,16,0.36
2025,G6,Rush only,Run majority,97,57,40,0.5876288659793815
2025,P4,Both,Pass majority,40,25,15,0.625
2025,P4,Both,Run majority,145,113,32,0.7793103448275862
2025,P4,Neither,Balanced,2,1,1,0.5
2025,P4,Neither,Pass majority,66,18,48,0.2727272727272727
2025,P4,Neither,Run majority,117,28,89,0.23931623931623933
2025,P4,Pass only,Balanced,1,1,0,1.0
2025,P4,Pass only,Pass majority,42,20,22,0.47619047619047616
2025,P4,Pass only,Run majority,81,34,47,0.41975308641975306
2025,P4,Rush only,Balanced,2,0,2,0.0
2025,P4,Rush only,Pass majority,30,14,16,0.4666666666666667
2025,P4,Rush only,Run majority,92,55,37,0.5978260869565217
2026,G6,Both,Balanced,1,0,1,0.0
2026,G6,Both,Pass majority,3,2,1,0.6666666666666666
2026,G6,Both,Run majority,24,16,8,0.6666666666666666
2026,G6,Neither,Pass majority,13,3,10,0.23076923076923078
2026,G6,Neither,Run majority,15,7,8,0.4666666666666667
2026,G6,Pass only,Pass majority,9,3,6,0.3333333333333333
2026,G6,Pass only,Run majority,10,8,2,0.8
2026,G6,Rush only,Pass majority,4,1,3,0.25
2026,G6,Rush only,Run majority,15,7,8,0.4666666666666667
2026,P4,Both,Pass majority,7,2,5,0.2857142857142857
2026,P4,Both,Run majority,26,18,8,0.6923076923076923
2026,P4,Neither,Balanced,1,1,0,1.0
2026,P4,Neither,Pass majority,17,8,9,0.47058823529411764
2026,P4,Neither,Run majority,15,4,11,0.26666666666666666
2026,P4,Pass only,Pass majority,5,2,3,0.4
2026,P4,Pass only,Run majority,11,5,6,0.45454545454545453
2026,P4,Rush only,Pass majority,1,1,0,1.0
2026,P4,Rush only,Run majority,15,8,7,0.5333333333333333
