week,game_id,status,completed
1,401856766,missing,True
1,401864494,outside,True
1,401858202,missing,True
1,401864577,missing,True
1,401866408,missing,True
1,401858201,outside,True
1,401864570,outside,True
1,401862693,missing,True
1,401858423,outside,True
1,401858204,outside,True
1,401856776,missing,True
1,401858424,outside,True
1,401864495,missing,True
1,401856664,outside,True
1,401858429,outside,True
1,401858436,outside,True
1,401858206,missing,True
1,401856778,outside,True
1,401856634,outside,True
1,401858430,outside,True
1,401869960,missing,True
1,401858425,outside,True
1,401856780,outside,True
1,401858432,outside,True
1,401858207,outside,True
1,401856665,outside,True
1,401858434,outside,True
1,401858209,outside,True
1,401858433,outside,True
1,401856636,missing,True
1,401856777,missing,True
1,401856667,outside,True
1,401856772,outside,True
1,401858426,outside,True
1,401860878,missing,True
1,401870763,missing,True
1,401862699,missing,True
1,401862695,missing,True
1,401856668,outside,True
1,401856660,missing,True
1,401856662,outside,True
1,401858428,outside,True
1,401856637,outside,True
1,401864498,missing,True
1,401864497,missing,True
1,401864432,missing,True
1,401858210,missing,True
1,401858437,outside,True
1,401856661,missing,True
1,401858438,missing,True
1,401858212,missing,True
2,401858214,ok,True
2,401856678,missing,True
2,401856782,ok,True
2,401856781,outside,True
2,401862702,missing,True
2,401856679,ok,True
2,401858224,missing,True
2,401864571,missing,True
2,401858221,outside,True
2,401858442,outside,True
2,401856683,missing,True
2,401856673,outside,True
2,401862708,ok,True
2,401858440,outside,True
2,401858446,outside,True
2,401856674,missing,True
2,401856790,missing,True
2,401858217,ok,True
2,401858216,missing,True
2,401860884,missing,True
2,401856810,missing,True
2,401856677,missing,True
2,401859184,outside,True
2,401858444,outside,True
2,401862705,ok,True
2,401856684,outside,True
2,401866414,missing,True
2,401860881,ok,True
2,401866418,ok,True
2,401856681,missing,True
2,401862707,ok,True
2,401864575,missing,True
2,401869955,missing,True
2,401858441,outside,True
2,401871045,missing,True
2,401858443,outside,True
2,401856788,missing,True
2,401856783,outside,True
2,401856682,ok,True
2,401862703,missing,True
2,401867796,outside,True
2,401858219,outside,True
2,401856671,outside,True
2,401856676,outside,True
2,401864502,missing,True
2,401856670,missing,True
2,401860883,ok,True
2,401858445,outside,True
2,401864578,ok,True
3,401858225,ok,True
3,401858226,ok,True
3,401856811,ok,True
3,401869940,ok,True
3,401856792,outside,True
3,401860889,ok,True
3,401858451,outside,True
3,401856686,ok,True
3,401858229,ok,True
3,401856798,outside,True
3,401856812,ok,True
3,401858454,outside,True
3,401858456,outside,True
3,401858460,outside,True
3,401856695,ok,True
3,401864508,ok,True
3,401862774,ok,True
3,401858230,ok,True
3,401856694,ok,True
3,401858457,ok,True
3,401856685,ok,True
3,401856797,outside,True
3,401856801,outside,True
3,401858450,outside,True
3,401858231,ok,True
3,401858449,outside,True
3,401866422,ok,True
3,401867804,outside,True
3,401856691,ok,True
3,401862771,ok,True
3,401862710,ok,True
3,401864574,ok,True
3,401871047,ok,True
3,401864443,ok,True
3,401866423,ok,True
3,401869948,ok,True
3,401862773,ok,True
3,401861963,outside,True
3,401856800,outside,True
3,401856689,outside,True
3,401856687,ok,True
3,401856795,outside,True
3,401858232,ok,True
3,401856796,missing,True
3,401856802,ok,True
3,401856690,outside,True
3,401858453,ok,True
3,401856688,ok,True
3,401856692,outside,True
3,401856799,outside,True
3,401862776,ok,True
3,401856693,outside,True
3,401860887,ok,True
3,401856793,outside,True
3,401864507,ok,True
3,401860888,ok,True
3,401858458,ok,True
4,401869941,ok,True
4,401862779,ok,True
4,401862778,ok,True
4,401858461,ok,True
4,401858234,ok,True
4,401856813,ok,True
4,401858243,ok,True
4,401864512,ok,True
4,401860893,ok,True
4,401858465,ok,True
4,401860896,ok,True
4,401858242,ok,True
4,401856805,outside,True
4,401856704,ok,True
4,401866425,ok,True
4,401864576,outside,True
4,401858462,ok,True
4,401864511,ok,True
4,401858467,ok,True
4,401864510,ok,True
4,401856699,ok,True
4,401858463,ok,True
4,401856700,ok,True
4,401861970,outside,True
4,401856815,ok,True
4,401856816,ok,True
4,401864579,ok,True
4,401860897,ok,True
4,401856806,outside,True
4,401856698,ok,True
4,401858466,ok,True
4,401858464,ok,True
4,401862785,ok,True
4,401858239,outside,True
4,401869961,ok,True
4,401858238,outside,True
4,401862780,ok,True
4,401856814,ok,True
4,401862784,ok,True
4,401871048,ok,True
4,401856881,ok,True
4,401856696,ok,True
4,401869931,ok,True
4,401864572,outside,True
4,401858469,ok,True
4,401860894,ok,True
4,401856702,ok,True
4,401856804,outside,True
4,401856703,ok,True
4,401862782,ok,True
4,401856697,outside,True
4,401866429,ok,True
4,401860895,ok,True
4,401858241,outside,True
4,401860891,ok,True
4,401864509,ok,True
4,401858240,ok,True
4,401858470,ok,True
5,401871049,ok,True
5,401862786,ok,True
5,401871050,ok,True
5,401858245,ok,True
5,401858476,ok,True
5,401862787,ok,True
5,401858246,ok,True
5,401856707,ok,True
5,401858251,ok,True
5,401858250,ok,True
5,401856822,ok,True
5,401856807,outside,True
5,401856819,ok,True
5,401862791,ok,True
5,401858474,ok,True
5,401858252,outside,True
5,401858479,ok,True
5,401856705,ok,True
5,401866432,ok,True
5,401866431,ok,True
5,401866433,ok,True
5,401866434,ok,True
5,401864515,ok,True
5,401866477,ok,True
5,401866430,ok,True
5,401856710,ok,True
5,401858253,ok,True
5,401858248,ok,True
5,401869956,ok,True
5,401858473,ok,True
5,401858247,outside,True
5,401856708,ok,True
5,401869962,ok,True
5,401858475,ok,True
5,401864514,ok,True
5,401858472,ok,True
5,401856709,ok,True
5,401860899,ok,True
5,401856818,ok,True
5,401871089,ok,True
5,401869942,ok,True
5,401862788,ok,True
5,401856711,ok,True
5,401862792,ok,True
5,401858478,ok,True
5,401858249,ok,True
5,401856821,ok,True
5,401869842,ok,True
5,401860898,ok,True
5,401858477,ok,True
5,401869932,ok,True
5,401860921,ok,True
5,401860900,ok,True
5,401856817,ok,True
5,401856820,ok,True
5,401864513,ok,True
