game_id,week,kickoff,home,away,neutral,group,app_pick,app_home_probability,app_confidence,status,reason,six_pick,home_advantages,away_advantages,home_metrics,away_metrics,winner,app_correct,six_correct
401871049,5,2026-10-02T00:00:00.000Z,New Mexico State,Western Kentucky,False,G6,New Mexico State,0.5809486054684626,0.5809486054684626,ok,,New Mexico State,4.0,2.0,"[5.159222333000997, 0.6264367816091954, 4.794642857142857, 0.6777777777777778, -1.6666666666666667]","[3.9713955026455023, 0.6095310907237512, 6.694915254237288, 0.6666666666666666, -1.3333333333333333]",,,
401862786,5,2026-10-02T01:00:00.000Z,Tulsa,North Texas,False,G6,North Texas,0.3399965888254501,0.6600034111745499,ok,,Tulsa,5.0,1.0,"[4.702683615819209, 0.6357809780028485, 2.828828828828829, 0.6416666666666667, 1.0]","[3.381395546489886, 0.6817028985507247, 4.822033898305085, 0.676056338028169, 0.3333333333333333]",,,
401858245,5,2026-10-02T23:00:00.000Z,Virginia Tech,Pittsburgh,False,P4,Pittsburgh,0.2737798413118377,0.7262201586881623,ok,,Pittsburgh,2.0,4.0,"[3.0125, 0.6551694915254237, 3.7444444444444445, 0.6206896551724138, 0.0]","[4.187537537537537, 0.6332614942528736, 2.3333333333333335, 0.59, 0.6666666666666666]",,,
401871050,5,2026-10-02T23:00:00.000Z,Delaware,Liberty,False,G6,Liberty,0.15582571380830973,0.8441742861916903,ok,,Liberty,2.0,3.0,"[3.5463917525773194, 0.5162607662607662, 3.1052631578947367, 0.6534653465346535, 0.0]","[3.8534445870774494, 0.6528196297890658, 4.206185567010309, 0.527027027027027, 0.0]",,,
401858476,5,2026-10-03T00:00:00.000Z,Northwestern,Penn State,False,P4,Penn State,0.2720614184277187,0.7279385815722813,ok,,Penn State,2.0,4.0,"[3.1837948717948716, 0.6404867256637168, 6.178082191780822, 0.6551724137931034, 1.5]","[5.441605198454514, 0.6395128124011389, 3.624, 0.5309734513274337, 1.75]",,,
401858250,5,2026-10-03T16:00:00.000Z,North Carolina,Notre Dame,False,P4,Notre Dame,0.032858592540916144,0.9671414074590838,ok,,Notre Dame,1.0,5.0,"[3.1092778574844573, 0.5644329896907216, 3.8933333333333335, 0.6451612903225806, -0.5]","[3.986235011990408, 0.6707949308755761, 1.7479674796747968, 0.6288659793814433, 2.0]",,,
401858251,5,2026-10-03T16:00:00.000Z,Wake Forest,Stanford,False,P4,Wake Forest,0.8492679012556287,0.8492679012556287,ok,Equal advantage count: no pick,,3.0,3.0,"[4.475393028024607, 0.6487719664181051, 3.4324324324324325, 0.8068965517241379, 0.0]","[3.3620495495495497, 0.6939888164026095, 4.496240601503759, 0.6754966887417219, 1.25]",,,
401858246,5,2026-10-03T16:00:00.000Z,SMU,Boston College,False,P4,SMU,0.7785323859603449,0.7785323859603449,ok,,SMU,5.0,1.0,"[4.773322641005079, 0.7084415584415584, 4.836363636363636, 0.6, -2.3333333333333335]","[4.570959595959596, 0.5701149425287356, 4.891472868217054, 0.6623376623376623, 0.0]",,,
401858252,5,2026-10-03T16:00:00.000Z,UConn,Syracuse,False,,UConn,0.5859624036588927,0.5859624036588927,outside,Applies to P4 vs. P4 and G6 vs. G6 only. Notre Dame is treated as P4.,,,,,,,,
401858474,5,2026-10-03T16:00:00.000Z,Minnesota,Michigan,False,P4,Michigan,0.2544287067233422,0.7455712932766578,ok,Equal advantage count: no pick,,3.0,3.0,"[3.355291678446895, 0.6223290598290598, 3.617021276595745, 0.6179775280898876, 1.0]","[3.822024151811386, 0.6162804307116105, 2.648854961832061, 0.6057692307692307, -0.75]",,,
401862791,5,2026-10-03T16:00:00.000Z,Air Force,Navy,False,G6,Navy,0.455587381831581,0.544412618168419,ok,,Air Force,4.0,2.0,"[3.0389162046239147, 0.6273584905660378, 4.625, 0.6111111111111112, -0.5]","[4.917763157894736, 0.48611111111111116, 1.3670886075949367, 0.7547169811320755, -1.5]",,,
401856707,5,2026-10-03T16:00:00.000Z,Mississippi State,Alabama,False,P4,Alabama,0.3026120917037835,0.6973879082962164,ok,,Alabama,2.0,4.0,"[4.227373722411494, 0.636996638540166, 3.248062015503876, 0.6089743589743589, -0.25]","[4.068836202557133, 0.6571657509157509, 2.9069767441860463, 0.584070796460177, 1.25]",,,
401856822,5,2026-10-03T16:00:00.000Z,Iowa State,West Virginia,False,P4,Iowa State,0.8049163347780218,0.8049163347780218,ok,,Iowa State,4.0,2.0,"[4.759671302149178, 0.5988084080867586, 4.217391304347826, 0.6075949367088608, -0.3333333333333333]","[4.5328529555446995, 0.5962502985431096, 4.085714285714285, 0.6391752577319587, 0.3333333333333333]",,,
401856819,5,2026-10-03T16:00:00.000Z,Houston,UCF,False,P4,Houston,0.5814746673536916,0.5814746673536916,ok,,Houston,4.0,2.0,"[4.160504201680672, 0.6609703855466568, 3.1325301204819276, 0.6347826086956522, 0.0]","[3.829422954977806, 0.6556265984654732, 3.2285714285714286, 0.6186440677966102, 1.3333333333333333]",,,
401856807,5,2026-10-03T16:00:00.000Z,Kansas,Middle Tennessee,False,,Kansas,0.8747294418278151,0.8747294418278151,outside,Applies to P4 vs. P4 and G6 vs. G6 only. Notre Dame is treated as P4.,,,,,,,,
401858479,5,2026-10-03T16:30:00.000Z,Wisconsin,Michigan State,False,P4,Wisconsin,0.7962632038179666,0.7962632038179666,ok,,Wisconsin,5.0,1.0,"[3.6155574762316336, 0.6082541927662154, 2.979591836734694, 0.5568181818181818, -0.6666666666666666]","[3.09437108176604, 0.6180317324185248, 3.8153846153846156, 0.6224489795918368, -1.0]",,,
401856705,5,2026-10-03T16:45:00.000Z,Georgia,Vanderbilt,False,P4,Georgia,0.7352968574815293,0.7352968574815293,ok,,Georgia,5.0,1.0,"[4.860886371808702, 0.6328908346278774, 2.0869565217391304, 0.6371681415929203, 1.6666666666666667]","[2.7133811734909243, 0.6165638687762581, 3.7314814814814814, 0.6082474226804123, 0.3333333333333333]",,,
401866432,5,2026-10-03T17:00:00.000Z,Buffalo,Western Michigan,False,G6,Western Michigan,0.25402548017441584,0.7459745198255842,ok,,Western Michigan,2.0,4.0,"[3.5870870870870872, 0.5471117424242424, 5.725, 0.5873015873015873, -2.0]","[4.9625, 0.6035099485803711, 4.396396396396397, 0.609375, 0.3333333333333333]",,,
401866431,5,2026-10-03T18:00:00.000Z,Ball State,Toledo,False,G6,Toledo,0.08411790939687358,0.9158820906031264,ok,,Toledo,1.0,5.0,"[3.2320109439124485, 0.6003754693366707, 5.203389830508475, 0.7325581395348837, 0.0]","[4.719974485146711, 0.7067046016823355, 3.558139534883721, 0.6595744680851063, 0.3333333333333333]",,,
401866433,5,2026-10-03T19:30:00.000Z,Massachusetts,Eastern Michigan,False,G6,Massachusetts,0.753643863041947,0.753643863041947,ok,,Massachusetts,6.0,0.0,"[4.960637019230769, 0.6995313626532084, 2.23728813559322, 0.5679012345679012, 3.5]","[2.645671094823637, 0.5941695953861403, 4.3828125, 0.6095890410958904, 0.0]",,,
401856710,5,2026-10-03T19:30:00.000Z,Tennessee,Auburn,False,P4,Tennessee,0.5724544597655957,0.5724544597655957,ok,,Tennessee,4.0,2.0,"[3.9987804878048783, 0.5932225738396624, 3.0721649484536084, 0.6666666666666666, 1.3333333333333333]","[3.8542642924086223, 0.6577608142493638, 3.097560975609756, 0.6041666666666666, 0.0]",,,
401866477,5,2026-10-03T19:30:00.000Z,Miami (OH),Bowling Green,False,G6,Miami (OH),0.8585361777658609,0.8585361777658609,ok,,Miami (OH),5.0,1.0,"[4.4725725094577555, 0.6678215311813419, 4.946808510638298, 0.6890756302521008, -0.3333333333333333]","[3.841825307950728, 0.6096893302775656, 6.483606557377049, 0.7377049180327869, 0.0]",,,
401862787,5,2026-10-03T19:30:00.000Z,Charlotte,Memphis,False,G6,Memphis,0.10454129745484349,0.8954587025451565,ok,,Memphis,2.0,4.0,"[4.11778480271631, 0.6453293010752688, 3.30188679245283, 0.7169811320754716, -1.0]","[4.729647099930119, 0.6868487749929597, 5.427350427350428, 0.65625, 0.0]",,,
401858473,5,2026-10-03T19:30:00.000Z,Iowa,Ohio State,False,P4,Ohio State,0.3131929579238208,0.6868070420761792,ok,,Iowa,4.0,2.0,"[4.158040432849593, 0.5706766917293233, 2.8380952380952382, 0.5633802816901409, 0.6666666666666666]","[3.7241946778711483, 0.6463517949804087, 3.480916030534351, 0.5413533834586466, 0.5]",,,
401866430,5,2026-10-03T19:30:00.000Z,Central Michigan,Akron,False,G6,Central Michigan,0.8270992049856264,0.8270992049856264,ok,,Central Michigan,4.0,2.0,"[5.049655172413793, 0.6212674543501611, 5.3584905660377355, 0.6555555555555556, -1.0]","[4.387110451558193, 0.6492063492063492, 5.97, 0.5894736842105263, -1.6666666666666667]",,,
401858253,5,2026-10-03T19:30:00.000Z,Florida State,Virginia,False,P4,Virginia,0.3188146445142352,0.6811853554857648,ok,,Virginia,1.0,5.0,"[4.104761904761904, 0.5164913531823855, 4.988888888888889, 0.6880733944954128, 0.0]","[4.472222222222222, 0.7019912427022519, 3.9238095238095236, 0.4507042253521127, 1.0]",,,
401864515,5,2026-10-03T19:30:00.000Z,North Dakota State,Wyoming,False,G6,North Dakota State,0.8133903306629863,0.8133903306629863,ok,,North Dakota State,6.0,0.0,"[4.791304347826086, 0.6392709196354598, 3.537037037037037, 0.5822784810126582, 1.3333333333333333]","[4.2085185185185185, 0.5925091035200277, 5.173913043478261, 0.6588235294117647, -2.0]",,,
401866434,5,2026-10-03T19:30:00.000Z,Kent State,Ohio,False,G6,Ohio,0.19711071357310272,0.8028892864268973,ok,,Ohio,2.0,3.0,"[4.092710997442455, 0.6022853957636567, 4.509615384615385, 0.7386363636363636, -0.6666666666666666]","[4.390321710999281, 0.6584748083242059, 4.891304347826087, 0.6538461538461539, -0.6666666666666666]",,,
401869956,5,2026-10-03T19:30:00.000Z,Georgia State,Old Dominion,False,G6,Georgia State,0.5630790774669735,0.5630790774669735,ok,,Georgia State,4.0,1.0,"[4.148351648351649, 0.6375521972559157, 5.304347826086956, 0.6063829787234043, -1.0]","[4.055086534402701, 0.5562779091147886, 3.365079365079365, 0.6261682242990654, -1.0]",,,
401858247,5,2026-10-03T19:30:00.000Z,UNLV,California,False,,California,0.4767767763715501,0.52322322362845,outside,Applies to P4 vs. P4 and G6 vs. G6 only. Notre Dame is treated as P4.,,,,,,,,
401856708,5,2026-10-03T19:30:00.000Z,Missouri,Florida,False,P4,Missouri,0.5459274466993121,0.5459274466993121,ok,,Missouri,4.0,2.0,"[3.9334514170040484, 0.6159053232639529, 2.6982758620689653, 0.5841584158415841, 1.6666666666666667]","[4.158661740558292, 0.6531903190319032, 3.6842105263157894, 0.6475409836065574, 1.3333333333333333]",,,
401858248,5,2026-10-03T19:30:00.000Z,NC State,Louisville,False,P4,Louisville,0.2024592189928373,0.7975407810071626,ok,,Louisville,2.0,4.0,"[4.307080518018018, 0.6448194662480377, 4.388349514563107, 0.6547619047619048, -1.0]","[4.395929143246466, 0.662608225108225, 4.578125, 0.6263736263736264, 1.6666666666666667]",,,
401869962,5,2026-10-03T19:45:00.000Z,James Madison,Marshall,False,G6,James Madison,0.8702285804575952,0.8702285804575952,ok,,James Madison,6.0,0.0,"[4.423300970873786, 0.6316259346055129, 2.4454545454545453, 0.55, 0.6666666666666666]","[3.2410758965804836, 0.6061688311688311, 4.446601941747573, 0.6310679611650486, -0.6666666666666666]",,,
401858475,5,2026-10-03T20:00:00.000Z,Nebraska,Maryland,False,P4,Nebraska,0.8611695464197988,0.8611695464197988,ok,,Nebraska,6.0,0.0,"[5.047653604257378, 0.6575091575091575, 2.711340206185567, 0.5657894736842105, 1.6666666666666667]","[2.6660149306789904, 0.6216044142614601, 4.377358490566038, 0.6666666666666666, -0.6666666666666666]",,,
401864514,5,2026-10-03T20:00:00.000Z,New Mexico,UTEP,False,G6,New Mexico,0.9485457622794684,0.9485457622794684,ok,,New Mexico,6.0,0.0,"[4.470520274299345, 0.6387370977534912, 3.336842105263158, 0.6125, 2.6666666666666665]","[2.844096728307255, 0.6338362068965517, 4.855769230769231, 0.7037037037037037, 0.0]",,,
401858472,5,2026-10-03T20:15:00.000Z,Illinois,Purdue,False,P4,Illinois,0.755678786487134,0.755678786487134,ok,,Illinois,4.0,2.0,"[5.55226591590228, 0.6186813186813187, 4.478260869565218, 0.6741573033707865, 0.0]","[3.3956960913482654, 0.6870786516853933, 6.049586776859504, 0.6, -1.0]",,,
401856709,5,2026-10-03T20:15:00.000Z,South Carolina,Kentucky,False,P4,South Carolina,0.5458785116542422,0.5458785116542422,ok,,Kentucky,2.0,4.0,"[4.772195318805489, 0.6222313371616078, 4.033707865168539, 0.7012987012987013, -0.6666666666666666]","[4.785035750766088, 0.6861756664388243, 4.095238095238095, 0.5652173913043478, 0.6666666666666666]",,,
401860899,5,2026-10-03T22:00:00.000Z,Colorado State,Oregon State,False,G6,Oregon State,0.4186023756185602,0.5813976243814398,ok,,Colorado State,4.0,2.0,"[4.043332462329065, 0.673504525777253, 6.102564102564102, 0.6666666666666666, 1.3333333333333333]","[4.775162648296977, 0.650497512437811, 3.682170542635659, 0.7023809523809523, 0.6666666666666666]",,,
401869942,5,2026-10-03T23:00:00.000Z,Coastal Carolina,Georgia Southern,False,G6,Georgia Southern,0.426848943523325,0.5731510564766751,ok,,Georgia Southern,1.0,5.0,"[3.620583717357911, 0.6088435374149659, 4.649635036496351, 0.734375, -1.0]","[3.9513235423445607, 0.6880208333333333, 4.380952380952381, 0.6666666666666666, 0.0]",,,
401856711,5,2026-10-03T23:00:00.000Z,Texas A&M,Arkansas,False,P4,Texas A&M,0.7865275839209045,0.7865275839209045,ok,,Texas A&M,6.0,0.0,"[4.343232323232323, 0.6252331468158807, 3.984126984126984, 0.6185567010309279, 0.25]","[3.145909645909646, 0.6068973981345116, 4.646464646464646, 0.7037037037037037, 0.0]",,,
401856818,5,2026-10-03T23:00:00.000Z,TCU,BYU,False,P4,BYU,0.30058079938636056,0.6994192006136395,ok,Equal advantage count: no pick,,3.0,3.0,"[2.912987012987013, 0.6600660066006601, 3.5217391304347827, 0.6388888888888888, -0.6666666666666666]","[5.141151255358237, 0.6450258397932817, 3.2545454545454544, 0.6666666666666666, 0.0]",,,
401862788,5,2026-10-03T23:00:00.000Z,Rice,UTSA,False,G6,UTSA,0.2093732063697763,0.7906267936302237,ok,,UTSA,2.0,4.0,"[5.07636476426799, 0.5755223308414799, 5.407407407407407, 0.6931818181818182, -1.6666666666666667]","[5.028445971744941, 0.6747159090909092, 5.176923076923077, 0.5765765765765766, 1.0]",,,
401871089,5,2026-10-03T23:00:00.000Z,South Alabama,UL Monroe,False,G6,South Alabama,0.7162070092172262,0.7162070092172262,ok,,UL Monroe,2.0,4.0,"[5.321493680116674, 0.6352631578947369, 7.626262626262626, 0.6835443037974683, 0.6666666666666666]","[5.632575757575758, 0.6558747160012983, 6.213235294117647, 0.66, 0.3333333333333333]",,,
401862792,5,2026-10-03T23:30:00.000Z,South Florida,Temple,False,G6,South Florida,0.8115103395771285,0.8115103395771285,ok,,South Florida,5.0,1.0,"[4.206486042692939, 0.6707021791767555, 3.522935779816514, 0.6404494382022472, 0.6666666666666666]","[4.629888942539836, 0.5971477960242005, 4.603448275862069, 0.7142857142857143, -0.3333333333333333]",,,
401869842,5,2026-10-03T23:30:00.000Z,Louisiana Tech,Army,False,G6,Army,0.19660804313960817,0.8033919568603918,ok,Equal advantage count: no pick,,3.0,3.0,"[4.082321187584346, 0.5867647058823529, 3.586206896551724, 0.7384615384615385, 0.5]","[4.0986590038314175, 0.7515837104072398, 6.087719298245614, 0.6, -0.5]",,,
401856821,5,2026-10-03T23:30:00.000Z,Colorado,Texas Tech,False,P4,Texas Tech,0.09155577871596621,0.9084442212840338,ok,,Colorado,3.0,2.0,"[3.6803246042019317, 0.6111288265306123, 3.0086206896551726, 0.6235294117647059, -0.6666666666666666]","[3.8815033272837267, 0.6336037863421231, 3.674698795180723, 0.640625, -0.6666666666666666]",,,
401858249,5,2026-10-03T23:30:00.000Z,Clemson,Miami,False,P4,Miami,0.12592032136239611,0.8740796786376039,ok,,Miami,2.0,4.0,"[3.0486458333333335, 0.6259746588693957, 4.443661971830986, 0.5486111111111112, -0.25]","[4.6218309859154925, 0.6966356526429343, 1.890625, 0.631578947368421, 0.6666666666666666]",,,
401858478,5,2026-10-03T23:30:00.000Z,USC,Washington,False,P4,USC,0.5280377368879525,0.5280377368879525,ok,,USC,4.0,2.0,"[3.8836214578506505, 0.6799523676099748, 4.006756756756757, 0.6382978723404256, -0.2]","[3.582030063771637, 0.6460720130932898, 3.225806451612903, 0.6506024096385542, 1.6666666666666667]",,,
401860898,5,2026-10-03T23:30:00.000Z,Boise State,Utah State,False,G6,Boise State,0.8180540488459507,0.8180540488459507,ok,Equal advantage count: no pick,,3.0,3.0,"[4.818732673267327, 0.5992125984251968, 5.027397260273973, 0.6451612903225806, 1.0]","[4.301933924254634, 0.613278319579895, 4.653465346534653, 0.5984251968503937, -0.6666666666666666]",,,
401869932,5,2026-10-04T00:00:00.000Z,Louisiana,Arkansas State,False,G6,Louisiana,0.758008224617935,0.758008224617935,ok,,Louisiana,6.0,0.0,"[4.561090909090909, 0.7268019884009942, 3.6511627906976742, 0.5909090909090909, 1.0]","[3.8033591731266148, 0.6248663101604278, 5.304, 0.7352941176470589, -0.3333333333333333]",,,
401858477,5,2026-10-04T00:00:00.000Z,Rutgers,Indiana,False,P4,Indiana,0.06575767746851219,0.9342423225314878,ok,,Indiana,1.0,5.0,"[3.125705601389492, 0.6298750269338504, 5.134615384615385, 0.6867469879518072, -2.3333333333333335]","[5.441181566181566, 0.7076592082616179, 2.6595744680851063, 0.6813186813186813, 0.6666666666666666]",,,
401860921,5,2026-10-04T01:30:00.000Z,Washington State,Fresno State,False,G6,Fresno State,0.36664498765684506,0.6333550123431549,ok,,Fresno State,1.0,5.0,"[3.9262482483958996, 0.5968495328960446, 5.411214953271028, 0.6476190476190476, -1.0]","[5.109311180339217, 0.647883597883598, 4.610738255033557, 0.6239316239316239, 1.75]",,,
401860900,5,2026-10-04T02:30:00.000Z,San Diego State,Texas State,False,G6,Texas State,0.4719751617939827,0.5280248382060173,ok,,Texas State,2.0,3.0,"[3.6475686524952105, 0.6383989145183175, 4.311594202898551, 0.6805555555555556, -1.0]","[4.96651138716356, 0.6674382716049383, 3.8969072164948453, 0.7313432835820896, -1.0]",,,
401856817,5,2026-10-04T02:30:00.000Z,Arizona State,Baylor,False,P4,Baylor,0.44933188387092626,0.5506681161290737,ok,Equal advantage count: no pick,,3.0,3.0,"[3.2660818713450293, 0.5906191097578657, 3.5657894736842106, 0.5517241379310345, 0.0]","[3.331281833616299, 0.5621868552903035, 3.087719298245614, 0.6198347107438017, 0.3333333333333333]",,,
401856820,5,2026-10-04T03:00:00.000Z,Arizona,Cincinnati,False,P4,Arizona,0.5959454566196251,0.5959454566196251,ok,,Cincinnati,2.0,4.0,"[3.786458333333333, 0.6578029271613343, 3.9047619047619047, 0.6272727272727273, -0.3333333333333333]","[4.781440781440781, 0.6657490396927017, 4.125, 0.5752212389380531, 1.0]",,,
401864513,5,2026-10-04T03:59:00.000Z,Hawai'i,San José State,False,G6,San José State,0.490349205948035,0.509650794051965,ok,,Hawai'i,4.0,2.0,"[3.7115384615384617, 0.6178315412186379, 4.753333333333333, 0.6, 0.0]","[4.1701449275362314, 0.5927927927927927, 4.221153846153846, 0.6388888888888888, -1.3333333333333333]",,,
