Week,Tier,Stage,Matchup,Recommended Bet,Market,Price,Sportsbook,Result,ROI Status,Stake,Returned,Net Profit
3,Tier 1: Complete Game,1,Kentucky at Texas A&M,Texas A&M -16.5 ATS,Spread,-115,DraftKings,Incorrect,Settled,100.0,0.0,-100.0
3,Tier 1: Complete Game,1,NC State at Vanderbilt,Vanderbilt -3 ATS,Spread,-108,DraftKings,Correct,Settled,100.0,192.59,92.59
3,Tier 1: Complete Game,1,Syracuse at Pittsburgh,Pittsburgh -10.5 ATS,Spread,-112,DraftKings,Correct,Settled,100.0,189.29,89.29
3,Tier 5: Home Turf Hammer,5,Stanford at Duke,Duke ML -375,Moneyline,-375,DraftKings,Correct,Settled,100.0,126.67,26.67
3,Tier 5: Home Turf Hammer,5,Purdue at UCLA,UCLA ML -575,Moneyline,-575,DraftKings,Correct,Settled,100.0,117.39,17.39
4,Tier 1: Complete Game,1,Illinois at Ohio State,Ohio State -25.5 ATS,Spread,-112,DraftKings,Incorrect,Settled,100.0,0.0,-100.0
4,Tier 4: Parlay Bridge,4,Houston at Georgia Southern,Houston ML -950,Moneyline,-950,DraftKings,Correct,Settled,100.0,110.53,10.53
4,Tier 1: Complete Game,1,Rice at Fresno State,Fresno State -12.5 ATS,Spread,-108,DraftKings,Correct,Settled,100.0,192.59,92.59
4,Tier 4: Parlay Bridge,4,UNLV at Akron,UNLV ML -550,Moneyline,-550,DraftKings,Correct,Settled,100.0,118.18,18.18
4,Tier 4: Parlay Bridge,4,App State at NC State,NC State ML -535,Moneyline,-535,DraftKings,Correct,Settled,100.0,118.69,18.69
4,Tier 4: Parlay Bridge,4,Oklahoma at Georgia,Georgia ML -520,Moneyline,-520,DraftKings,Correct,Settled,100.0,119.23,19.23
4,Tier 4: Parlay Bridge,4,Colorado State at UTSA,UTSA ML -675,Moneyline,-675,DraftKings,Correct,Settled,100.0,114.81,14.81
4,Tier 1: Complete Game,1,South Carolina at Alabama,Alabama -12.5 ATS,Spread,-110,DraftKings,Correct,Settled,100.0,190.91,90.91
4,Tier 4: Parlay Bridge,4,Virginia Tech at Boston College,Virginia Tech ML -700,Moneyline,-700,DraftKings,Correct,Settled,100.0,114.29,14.29
4,Tier 1: Complete Game,1,Ole Miss at Florida,Florida -4 ATS,Spread,-112,DraftKings,Correct,Settled,100.0,189.29,89.29
4,Tier 2: Storm Front,2,Army at Temple,Temple +4 ATS,Spread,-112,DraftKings,Push,Settled,100.0,100.0,0.0
4,Tier 5: Home Turf Hammer,5,Missouri at Mississippi State,Mississippi State ML -175,Moneyline,-175,DraftKings,Correct,Settled,100.0,157.14,57.14
5,Tier 1: Complete Game,1,UTEP at New Mexico,New Mexico -23.5 ATS,Spread,-115,DraftKings,Correct,Settled,100.0,186.96,86.96
5,Tier 4: Parlay Bridge,4,Texas Tech at Colorado,Texas Tech ML -600,Moneyline,-600,DraftKings,Correct,Settled,100.0,116.67,16.67
5,Tier 1: Complete Game,1,Marshall at James Madison,James Madison -14.5 ATS,Spread,-112,DraftKings,Correct,Settled,100.0,189.29,89.29
5,Tier 1: Complete Game,1,Maryland at Nebraska,Nebraska -15.5 ATS,Spread,-108,DraftKings,Correct,Settled,100.0,192.59,92.59
5,Tier 4: Parlay Bridge,4,Miami at Clemson,Miami ML -700,Moneyline,-700,DraftKings,Correct,Settled,100.0,114.29,14.29
5,Tier 4: Parlay Bridge,4,Stanford at Wake Forest,Wake Forest ML -650,Moneyline,-650,DraftKings,Correct,Settled,100.0,115.38,15.38
5,Tier 5: Home Turf Hammer,5,Michigan State at Wisconsin,Wisconsin ML -355,Moneyline,-355,DraftKings,Correct,Settled,100.0,128.17,28.17
5,Tier 1: Complete Game,1,Wyoming at North Dakota State,North Dakota State -17.5 ATS,Spread,-110,DraftKings,Correct,Settled,100.0,190.91,90.91
5,Tier 1: Complete Game,1,Arkansas at Texas A&M,Texas A&M -13.5 ATS,Spread,-112,DraftKings,Correct,Settled,100.0,189.29,89.29
5,Tier 1: Complete Game,1,Arkansas State at Louisiana,Louisiana -4.5 ATS,Spread,-115,DraftKings,Incorrect,Settled,100.0,0.0,-100.0
5,Tier 4: Parlay Bridge,4,Western Michigan at Buffalo,Western Michigan ML -535,Moneyline,-535,DraftKings,Correct,Settled,100.0,118.69,18.69
5,Tier 1: Complete Game,1,Eastern Michigan at Massachusetts,Massachusetts -5.5 ATS,Spread,-110,DraftKings,Incorrect,Settled,100.0,0.0,-100.0
5,Tier 4: Parlay Bridge,4,Ohio State at Iowa,Ohio State ML -700,Moneyline,-700,DraftKings,Correct,Settled,100.0,114.29,14.29
5,Tier 4: Parlay Bridge,4,UL Monroe at South Alabama,South Alabama ML -550,Moneyline,-550,DraftKings,Correct,Settled,100.0,118.18,18.18
5,Tier 2: Storm Front,2,Auburn at Tennessee,Tennessee -6 ATS,Spread,-110,DraftKings,Correct,Settled,100.0,190.91,90.91
5,Tier 3: Takeaway Trouble,3,Kentucky at South Carolina,Kentucky ML +110,Moneyline,+110,DraftKings,Correct,Settled,100.0,210.0,110.0
