season,game_id,status
2024,401635525,Outside -110 to -150
2024,401628448,Included
2024,401634300,Outside -110 to -150
2024,401628333,Outside -110 to -150
2024,401628457,Outside -110 to -150
2024,401628323,Outside -110 to -150
2024,401628322,Included
2024,401628332,Included
2024,401628334,Outside -110 to -150
2024,401634306,Outside -110 to -150
2024,401634765,Outside -110 to -150
2024,401635533,Included
2024,401635538,Included
2024,401635534,Included
2024,401628336,Outside -110 to -150
2024,401628347,Outside -110 to -150
2024,401636618,Outside -110 to -150
2024,401628464,Included
2024,401628340,Outside -110 to -150
2024,401628337,Outside -110 to -150
2024,401628465,Outside -110 to -150
2024,401628462,Outside -110 to -150
2024,401635639,Included
2024,401628346,Outside -110 to -150
2024,401628467,Missing price pair
2024,401628345,Outside -110 to -150
2024,401628343,Outside -110 to -150
2024,401636864,Outside -110 to -150
2024,401628359,Outside -110 to -150
2024,401628350,Outside -110 to -150
2024,401628357,Outside -110 to -150
2024,401635547,Included
2024,401628353,Outside -110 to -150
2024,401628978,Outside -110 to -150
2024,401628355,Outside -110 to -150
2024,401628476,Outside -110 to -150
2024,401636866,Included
2024,401628354,Outside -110 to -150
2024,401628478,Missing price pair
2024,401634766,Outside -110 to -150
2024,401628485,Outside -110 to -150
2024,401628367,Missing price pair
2024,401635552,Outside -110 to -150
2024,401636873,Missing price pair
2024,401636879,Included
2024,401628489,Outside -110 to -150
2024,401628494,Included
2024,401628365,Missing price pair
2024,401636877,Outside -110 to -150
2024,401635554,Outside -110 to -150
2024,401628363,Included
2024,401636876,Included
2024,401628368,Outside -110 to -150
2024,401635557,Missing price pair
2024,401628491,Missing price pair
2024,401635551,Included
2024,401628487,Included
2024,401628369,Outside -110 to -150
2024,401636874,Included
2024,401628490,Outside -110 to -150
2024,401636872,Outside -110 to -150
2024,401634767,Outside -110 to -150
2024,401628501,Included
2024,401628497,Outside -110 to -150
2024,401628496,Outside -110 to -150
2024,401628377,Outside -110 to -150
2024,401628499,Outside -110 to -150
2024,401636880,Included
2024,401636883,Outside -110 to -150
2024,401636882,Included
2024,401628502,Outside -110 to -150
2024,401636885,Outside -110 to -150
2024,401628980,Outside -110 to -150
2024,401628373,Outside -110 to -150
2024,401628375,Included
2024,401635562,Included
2024,401628378,Outside -110 to -150
2024,401636881,Outside -110 to -150
2024,401635561,Outside -110 to -150
2024,401628498,Outside -110 to -150
2024,401628495,Outside -110 to -150
2024,401628374,Included
2024,401635563,Outside -110 to -150
2024,401636884,Outside -110 to -150
2024,401636886,Outside -110 to -150
2024,401628500,Outside -110 to -150
2024,401636891,Outside -110 to -150
2024,401628506,Outside -110 to -150
2024,401635572,Included
2024,401635638,Outside -110 to -150
2024,401635571,Outside -110 to -150
2024,401628383,Included
2024,401628509,Outside -110 to -150
2024,401628510,Outside -110 to -150
2024,401635567,Included
2024,401628381,Outside -110 to -150
2024,401628503,Outside -110 to -150
2024,401628504,Outside -110 to -150
2024,401635573,Outside -110 to -150
2024,401628382,Outside -110 to -150
2024,401628508,Outside -110 to -150
2024,401636890,Included
2024,401628384,Outside -110 to -150
2024,401635569,Outside -110 to -150
2024,401628379,Outside -110 to -150
2024,401628505,Included
2024,401636889,Outside -110 to -150
2024,401628507,Outside -110 to -150
2024,401628380,Included
2024,401635570,Outside -110 to -150
2024,401636888,Included
2024,401635568,Outside -110 to -150
2024,401636887,Outside -110 to -150
2024,401628513,Outside -110 to -150
2024,401636892,Outside -110 to -150
2024,401628517,Included
2024,401628512,Included
2024,401628385,Outside -110 to -150
2024,401635577,Outside -110 to -150
2024,401635576,Outside -110 to -150
2024,401636895,Included
2024,401628511,Outside -110 to -150
2024,401628981,Outside -110 to -150
2024,401628390,Outside -110 to -150
2024,401628516,Outside -110 to -150
2024,401635578,Outside -110 to -150
2024,401635575,Outside -110 to -150
2024,401636893,Included
2024,401628386,Outside -110 to -150
2024,401628391,Outside -110 to -150
2024,401628388,Outside -110 to -150
2024,401628515,Outside -110 to -150
2024,401628387,Outside -110 to -150
2024,401635574,Included
2024,401636896,Outside -110 to -150
2024,401628514,Outside -110 to -150
2024,401636894,Outside -110 to -150
2024,401634768,Outside -110 to -150
2024,401634769,Included
2024,401628523,Outside -110 to -150
2024,401636898,Outside -110 to -150
2024,401628395,Included
2024,401636899,Outside -110 to -150
2024,401628522,Outside -110 to -150
2024,401628519,Outside -110 to -150
2024,401635588,Outside -110 to -150
2024,401628524,Outside -110 to -150
2024,401635589,Outside -110 to -150
2024,401628396,Included
2024,401628397,Outside -110 to -150
2024,401628982,Outside -110 to -150
2024,401628518,Outside -110 to -150
2024,401635587,Outside -110 to -150
2024,401636901,Outside -110 to -150
2024,401628521,Outside -110 to -150
2024,401636897,Included
2024,401636902,Outside -110 to -150
2024,401628394,Outside -110 to -150
2024,401628392,Outside -110 to -150
2024,401628398,Outside -110 to -150
2024,401636900,Outside -110 to -150
2024,401636904,Included
2024,401628520,Outside -110 to -150
2024,401628393,Included
2024,401635590,Outside -110 to -150
2024,401636903,Outside -110 to -150
2024,401634770,Outside -110 to -150
2024,401634771,Outside -110 to -150
2024,401628532,Outside -110 to -150
2024,401635597,Outside -110 to -150
2024,401628402,Outside -110 to -150
2024,401635598,Outside -110 to -150
2024,401628526,Outside -110 to -150
2024,401628530,Outside -110 to -150
2024,401628403,Outside -110 to -150
2024,401636911,Included
2024,401636910,Outside -110 to -150
2024,401636906,Outside -110 to -150
2024,401635599,Included
2024,401628528,Outside -110 to -150
2024,401628525,Outside -110 to -150
2024,401628400,Outside -110 to -150
2024,401628527,Outside -110 to -150
2024,401628405,Outside -110 to -150
2024,401636908,Outside -110 to -150
2024,401635596,Outside -110 to -150
2024,401636905,Outside -110 to -150
2024,401628529,Included
2024,401628531,Outside -110 to -150
2024,401628404,Included
2024,401628401,Included
2024,401636909,Outside -110 to -150
2024,401635595,Outside -110 to -150
2024,401636907,Outside -110 to -150
2024,401635601,Outside -110 to -150
2024,401635604,Included
2024,401628406,Outside -110 to -150
2024,401635516,Outside -110 to -150
2024,401628533,Included
2024,401628538,Included
2024,401628539,Included
2024,401628407,Outside -110 to -150
2024,401628408,Outside -110 to -150
2024,401628534,Outside -110 to -150
2024,401628536,Outside -110 to -150
2024,401628537,Outside -110 to -150
2024,401636916,Outside -110 to -150
2024,401636913,Outside -110 to -150
2024,401635602,Included
2024,401636915,Outside -110 to -150
2024,401636914,Outside -110 to -150
2024,401635600,Outside -110 to -150
2024,401628540,Included
2024,401628411,Outside -110 to -150
2024,401628535,Included
2024,401628412,Outside -110 to -150
2024,401636912,Included
2024,401635627,Outside -110 to -150
2024,401634773,Outside -110 to -150
2024,401628542,Outside -110 to -150
2024,401635606,Included
2024,401636918,Outside -110 to -150
2024,401628544,Outside -110 to -150
2024,401628417,Outside -110 to -150
2024,401635609,Outside -110 to -150
2024,401628545,Missing price pair
2024,401628541,Outside -110 to -150
2024,401635607,Outside -110 to -150
2024,401628414,Included
2024,401635608,Included
2024,401636919,Included
2024,401636921,Outside -110 to -150
2024,401628418,Outside -110 to -150
2024,401636917,Included
2024,401628416,Outside -110 to -150
2024,401628543,Outside -110 to -150
2024,401636920,Outside -110 to -150
2024,401628984,Outside -110 to -150
2024,401628413,Included
2024,401628415,Included
2024,401635610,Outside -110 to -150
2024,401628546,Outside -110 to -150
2024,401636922,Included
2024,401628553,Outside -110 to -150
2024,401636923,Included
2024,401628550,Outside -110 to -150
2024,401628419,Outside -110 to -150
2024,401636925,Outside -110 to -150
2024,401635582,Outside -110 to -150
2024,401628547,Included
2024,401635581,Outside -110 to -150
2024,401628985,Outside -110 to -150
2024,401628552,Outside -110 to -150
2024,401628420,Included
2024,401635517,Outside -110 to -150
2024,401635580,Outside -110 to -150
2024,401636929,Included
2024,401628549,Outside -110 to -150
2024,401628423,Outside -110 to -150
2024,401628548,Outside -110 to -150
2024,401636927,Outside -110 to -150
2024,401628551,Outside -110 to -150
2024,401628421,Outside -110 to -150
2024,401635583,Outside -110 to -150
2024,401636926,Outside -110 to -150
2024,401636924,Included
2024,401634772,Outside -110 to -150
2024,401628558,Outside -110 to -150
2024,401628429,Outside -110 to -150
2024,401628555,Outside -110 to -150
2024,401628556,Outside -110 to -150
2024,401628554,Included
2024,401635612,Included
2024,401635618,Outside -110 to -150
2024,401635619,Outside -110 to -150
2024,401636935,Outside -110 to -150
2024,401628560,Included
2024,401628559,Outside -110 to -150
2024,401628557,Outside -110 to -150
2024,401628436,Outside -110 to -150
2024,401636932,Included
2024,401635613,Outside -110 to -150
2024,401636934,Outside -110 to -150
2024,401636937,Included
2024,401636930,Included
2024,401635617,Outside -110 to -150
2024,401628432,Outside -110 to -150
2024,401636931,Outside -110 to -150
2024,401636936,Outside -110 to -150
2024,401628428,Included
2024,401628433,Outside -110 to -150
2024,401628431,Outside -110 to -150
2024,401635615,Included
2024,401636933,Outside -110 to -150
2024,401628561,Outside -110 to -150
2024,401636938,Outside -110 to -150
2024,401628568,Included
2024,401628442,Outside -110 to -150
2024,401628562,Included
2024,401628439,Outside -110 to -150
2024,401636939,Outside -110 to -150
2024,401628440,Outside -110 to -150
2024,401628444,Included
2024,401628563,Outside -110 to -150
2024,401628566,Outside -110 to -150
2024,401635622,Included
2024,401636941,Included
2024,401628446,Outside -110 to -150
2024,401636945,Included
2024,401635620,Outside -110 to -150
2024,401636940,Outside -110 to -150
2024,401635623,Outside -110 to -150
2024,401628443,Included
2024,401628437,Outside -110 to -150
2024,401628571,Outside -110 to -150
2024,401628567,Included
2024,401635624,Included
2024,401628565,Outside -110 to -150
2024,401635621,Outside -110 to -150
2024,401636943,Included
2024,401628438,Outside -110 to -150
2024,401628441,Outside -110 to -150
2024,401628564,Outside -110 to -150
2024,401628445,Outside -110 to -150
2024,401636944,Included
2024,401628569,Outside -110 to -150
2024,401635640,Outside -110 to -150
2024,401636942,Outside -110 to -150
2024,401673465,Included
2024,401673469,Included
2024,401673464,Outside -110 to -150
2024,401673463,Included
2025,401756846,Included
2025,401752796,Outside -110 to -150
2025,401752667,Equal price
2025,401754375,Outside -110 to -150
2025,401752676,Outside -110 to -150
2025,401752677,Included
2025,401752665,Outside -110 to -150
2025,401752671,Outside -110 to -150
2025,401752800,Outside -110 to -150
2025,401752680,Outside -110 to -150
2025,401754522,Included
2025,401754523,Outside -110 to -150
2025,401752822,Outside -110 to -150
2025,401754524,Included
2025,401752825,Included
2025,401754525,Included
2025,401752686,Outside -110 to -150
2025,401752689,Outside -110 to -150
2025,401752824,Missing price pair
2025,401752816,Outside -110 to -150
2025,401752688,Outside -110 to -150
2025,401752695,Included
2025,401752690,Outside -110 to -150
2025,401754526,Outside -110 to -150
2025,401754531,Outside -110 to -150
2025,401756893,Outside -110 to -150
2025,401756888,Included
2025,401752696,Outside -110 to -150
2025,401752831,Outside -110 to -150
2025,401754623,Included
2025,401752832,Outside -110 to -150
2025,401752705,Outside -110 to -150
2025,401754638,Outside -110 to -150
2025,401752700,Outside -110 to -150
2025,401752699,Outside -110 to -150
2025,401752707,Outside -110 to -150
2025,401752704,Included
2025,401752840,Outside -110 to -150
2025,401754533,Outside -110 to -150
2025,401752844,Included
2025,401752845,Outside -110 to -150
2025,401756901,Outside -110 to -150
2025,401754537,Outside -110 to -150
2025,401754636,Outside -110 to -150
2025,401752848,Outside -110 to -150
2025,401752714,Outside -110 to -150
2025,401752846,Included
2025,401754640,Outside -110 to -150
2025,401754538,Included
2025,401756899,Outside -110 to -150
2025,401752713,Outside -110 to -150
2025,401752709,Outside -110 to -150
2025,401752843,Outside -110 to -150
2025,401756896,Included
2025,401754539,Outside -110 to -150
2025,401752847,Outside -110 to -150
2025,401754543,Outside -110 to -150
2025,401756902,Included
2025,401754545,Outside -110 to -150
2025,401756905,Outside -110 to -150
2025,401754546,Outside -110 to -150
2025,401752850,Outside -110 to -150
2025,401756906,Outside -110 to -150
2025,401752849,Outside -110 to -150
2025,401754547,Included
2025,401752717,Outside -110 to -150
2025,401756908,Outside -110 to -150
2025,401752853,Outside -110 to -150
2025,401754544,Outside -110 to -150
2025,401752719,Included
2025,401752724,Outside -110 to -150
2025,401752852,Outside -110 to -150
2025,401752851,Outside -110 to -150
2025,401756907,Outside -110 to -150
2025,401752720,Outside -110 to -150
2025,401756904,Outside -110 to -150
2025,401754548,Outside -110 to -150
2025,401752718,Included
2025,401752854,Outside -110 to -150
2025,401752722,Outside -110 to -150
2025,401756903,Outside -110 to -150
2025,401756909,Outside -110 to -150
2025,401752728,Outside -110 to -150
2025,401756912,Included
2025,401752861,Outside -110 to -150
2025,401756911,Outside -110 to -150
2025,401752856,Outside -110 to -150
2025,401754552,Outside -110 to -150
2025,401754550,Outside -110 to -150
2025,401754556,Outside -110 to -150
2025,401756910,Outside -110 to -150
2025,401752857,Outside -110 to -150
2025,401754555,Outside -110 to -150
2025,401752727,Outside -110 to -150
2025,401752855,Outside -110 to -150
2025,401754554,Outside -110 to -150
2025,401752726,Outside -110 to -150
2025,401752860,Outside -110 to -150
2025,401756913,Outside -110 to -150
2025,401754553,Outside -110 to -150
2025,401752730,Outside -110 to -150
2025,401756915,Outside -110 to -150
2025,401752859,Outside -110 to -150
2025,401756914,Outside -110 to -150
2025,401754551,Outside -110 to -150
2025,401752862,Outside -110 to -150
2025,401752863,Outside -110 to -150
2025,401754559,Outside -110 to -150
2025,401754561,Outside -110 to -150
2025,401752734,Outside -110 to -150
2025,401756920,Outside -110 to -150
2025,401756917,Outside -110 to -150
2025,401752865,Outside -110 to -150
2025,401752870,Outside -110 to -150
2025,401756919,Included
2025,401756918,Included
2025,401754560,Outside -110 to -150
2025,401752736,Included
2025,401752867,Outside -110 to -150
2025,401752866,Outside -110 to -150
2025,401754562,Outside -110 to -150
2025,401752735,Outside -110 to -150
2025,401752737,Outside -110 to -150
2025,401752869,Outside -110 to -150
2025,401756921,Outside -110 to -150
2025,401752868,Included
2025,401752864,Outside -110 to -150
2025,401754558,Outside -110 to -150
2025,401752731,Outside -110 to -150
2025,401752732,Outside -110 to -150
2025,401756916,Included
2025,401756922,Outside -110 to -150
2025,401754564,Outside -110 to -150
2025,401752872,Outside -110 to -150
2025,401754371,Outside -110 to -150
2025,401756925,Included
2025,401756927,Outside -110 to -150
2025,401752745,Included
2025,401752873,Outside -110 to -150
2025,401754566,Outside -110 to -150
2025,401752744,Outside -110 to -150
2025,401756928,Outside -110 to -150
2025,401752874,Outside -110 to -150
2025,401752739,Outside -110 to -150
2025,401752742,Outside -110 to -150
2025,401752877,Missing price pair
2025,401752878,Missing price pair
2025,401754565,Outside -110 to -150
2025,401756923,Outside -110 to -150
2025,401752741,Outside -110 to -150
2025,401752876,Outside -110 to -150
2025,401752743,Outside -110 to -150
2025,401752879,Outside -110 to -150
2025,401752875,Outside -110 to -150
2025,401754568,Outside -110 to -150
2025,401752738,Outside -110 to -150
2025,401752871,Outside -110 to -150
2025,401752740,Included
2025,401756924,Outside -110 to -150
2025,401756926,Outside -110 to -150
2025,401754567,Outside -110 to -150
2025,401754372,Outside -110 to -150
2025,401754571,Outside -110 to -150
2025,401752750,Outside -110 to -150
2025,401752883,Outside -110 to -150
2025,401752942,Outside -110 to -150
2025,401754573,Outside -110 to -150
2025,401752884,Included
2025,401756932,Outside -110 to -150
2025,401752885,Outside -110 to -150
2025,401752746,Included
2025,401752880,Included
2025,401754574,Outside -110 to -150
2025,401752751,Outside -110 to -150
2025,401752752,Included
2025,401756931,Included
2025,401752882,Outside -110 to -150
2025,401756930,Included
2025,401756933,Missing price pair
2025,401752749,Outside -110 to -150
2025,401756935,Outside -110 to -150
2025,401754572,Missing price pair
2025,401752886,Missing price pair
2025,401752881,Outside -110 to -150
2025,401754570,Outside -110 to -150
2025,401752748,Included
2025,401752747,Outside -110 to -150
2025,401756929,Outside -110 to -150
2025,401756934,Outside -110 to -150
2025,401754575,Included
2025,401754581,Outside -110 to -150
2025,401752889,Outside -110 to -150
2025,401752891,Outside -110 to -150
2025,401756938,Outside -110 to -150
2025,401756936,Outside -110 to -150
2025,401752758,Outside -110 to -150
2025,401754577,Outside -110 to -150
2025,401756939,Outside -110 to -150
2025,401754580,Outside -110 to -150
2025,401754582,Outside -110 to -150
2025,401754583,Outside -110 to -150
2025,401752888,Outside -110 to -150
2025,401752887,Outside -110 to -150
2025,401756941,Outside -110 to -150
2025,401752755,Outside -110 to -150
2025,401754576,Outside -110 to -150
2025,401756940,Outside -110 to -150
2025,401752753,Outside -110 to -150
2025,401752756,Outside -110 to -150
2025,401756937,Outside -110 to -150
2025,401752890,Outside -110 to -150
2025,401752757,Included
2025,401754579,Outside -110 to -150
2025,401752892,Outside -110 to -150
2025,401754578,Outside -110 to -150
2025,401752754,Outside -110 to -150
2025,401756942,Outside -110 to -150
2025,401756946,Included
2025,401752896,Outside -110 to -150
2025,401756947,Outside -110 to -150
2025,401756945,Outside -110 to -150
2025,401754584,Outside -110 to -150
2025,401752762,Outside -110 to -150
2025,401752893,Outside -110 to -150
2025,401752897,Outside -110 to -150
2025,401752894,Included
2025,401754587,Outside -110 to -150
2025,401756944,Outside -110 to -150
2025,401756943,Outside -110 to -150
2025,401752898,Outside -110 to -150
2025,401752763,Outside -110 to -150
2025,401752764,Outside -110 to -150
2025,401754588,Outside -110 to -150
2025,401752899,Outside -110 to -150
2025,401754589,Outside -110 to -150
2025,401754585,Outside -110 to -150
2025,401754586,Included
2025,401752760,Outside -110 to -150
2025,401752759,Outside -110 to -150
2025,401752895,Included
2025,401754591,Included
2025,401752904,Outside -110 to -150
2025,401756952,Outside -110 to -150
2025,401756951,Outside -110 to -150
2025,401752905,Outside -110 to -150
2025,401752772,Outside -110 to -150
2025,401752901,Outside -110 to -150
2025,401754597,Outside -110 to -150
2025,401752768,Outside -110 to -150
2025,401756948,Outside -110 to -150
2025,401752903,Outside -110 to -150
2025,401752765,Outside -110 to -150
2025,401754595,Outside -110 to -150
2025,401752907,Outside -110 to -150
2025,401754592,Outside -110 to -150
2025,401754593,Outside -110 to -150
2025,401752906,Outside -110 to -150
2025,401756953,Outside -110 to -150
2025,401754596,Outside -110 to -150
2025,401752769,Outside -110 to -150
2025,401752902,Outside -110 to -150
2025,401756949,Outside -110 to -150
2025,401752766,Outside -110 to -150
2025,401754594,Outside -110 to -150
2025,401752900,Missing price pair
2025,401752770,Outside -110 to -150
2025,401756950,Outside -110 to -150
2025,401754598,Outside -110 to -150
2025,401756958,Outside -110 to -150
2025,401752912,Outside -110 to -150
2025,401752778,Outside -110 to -150
2025,401754602,Outside -110 to -150
2025,401754603,Outside -110 to -150
2025,401752909,Outside -110 to -150
2025,401756954,Outside -110 to -150
2025,401754604,Missing price pair
2025,401752911,Outside -110 to -150
2025,401752780,Outside -110 to -150
2025,401752782,Outside -110 to -150
2025,401752913,Outside -110 to -150
2025,401754600,Outside -110 to -150
2025,401756959,Outside -110 to -150
2025,401756957,Included
2025,401752914,Outside -110 to -150
2025,401756960,Outside -110 to -150
2025,401752908,Outside -110 to -150
2025,401754601,Included
2025,401754599,Outside -110 to -150
2025,401752775,Outside -110 to -150
2025,401752915,Outside -110 to -150
2025,401756955,Included
2025,401756956,Outside -110 to -150
2025,401752910,Outside -110 to -150
2025,401752788,Outside -110 to -150
2025,401752916,Outside -110 to -150
2025,401756964,Outside -110 to -150
2025,401752786,Outside -110 to -150
2025,401752924,Outside -110 to -150
2025,401752792,Included
2025,401756961,Included
2025,401752790,Included
2025,401752921,Outside -110 to -150
2025,401756968,Outside -110 to -150
2025,401756966,Outside -110 to -150
2025,401754611,Outside -110 to -150
2025,401756965,Outside -110 to -150
2025,401752787,Included
2025,401756962,Included
2025,401756963,Outside -110 to -150
2025,401754608,Included
2025,401752920,Outside -110 to -150
2025,401752783,Outside -110 to -150
2025,401752918,Included
2025,401752917,Outside -110 to -150
2025,401756967,Included
2025,401754610,Included
2025,401752789,Outside -110 to -150
2025,401752791,Included
2025,401752785,Included
2025,401752923,Outside -110 to -150
2025,401754613,Outside -110 to -150
2025,401754612,Outside -110 to -150
2025,401752784,Outside -110 to -150
2025,401752919,Outside -110 to -150
2025,401752922,Outside -110 to -150
2025,401754609,Outside -110 to -150
2025,401754614,Outside -110 to -150
2025,401777327,Missing price pair
2025,401777351,Missing price pair
2025,401777328,Missing price pair
2025,401777353,Missing price pair
2026,401856766,Outside -110 to -150
2026,401858202,Outside -110 to -150
2026,401856776,Outside -110 to -150
2026,401858206,Outside -110 to -150
2026,401856636,Outside -110 to -150
2026,401856777,Outside -110 to -150
2026,401856660,Outside -110 to -150
2026,401858210,Included
2026,401856661,Outside -110 to -150
2026,401858438,Outside -110 to -150
2026,401858212,Outside -110 to -150
2026,401858214,Included
2026,401856678,Outside -110 to -150
2026,401856782,Outside -110 to -150
2026,401856679,Outside -110 to -150
2026,401858224,Included
2026,401856683,Outside -110 to -150
2026,401856674,Outside -110 to -150
2026,401856790,Outside -110 to -150
2026,401858217,Outside -110 to -150
2026,401858216,Outside -110 to -150
2026,401856810,Outside -110 to -150
2026,401856677,Equal price
2026,401856681,Outside -110 to -150
2026,401856788,Outside -110 to -150
2026,401856682,Included
2026,401856670,Outside -110 to -150
2026,401858225,Outside -110 to -150
2026,401858226,Outside -110 to -150
2026,401856811,Outside -110 to -150
2026,401856686,Outside -110 to -150
2026,401858229,Included
2026,401856812,Outside -110 to -150
2026,401856695,Outside -110 to -150
2026,401858230,Outside -110 to -150
2026,401856694,Outside -110 to -150
2026,401858457,Outside -110 to -150
2026,401856685,Outside -110 to -150
2026,401858231,Outside -110 to -150
2026,401856691,Outside -110 to -150
2026,401856687,Included
2026,401858232,Included
2026,401856796,Outside -110 to -150
2026,401856802,Outside -110 to -150
2026,401858453,Outside -110 to -150
2026,401856688,Included
2026,401858458,Outside -110 to -150
2026,401858461,Outside -110 to -150
2026,401858234,Included
2026,401856813,Outside -110 to -150
2026,401858243,Outside -110 to -150
2026,401858465,Outside -110 to -150
2026,401858242,Outside -110 to -150
2026,401856704,Outside -110 to -150
2026,401858462,Included
2026,401858467,Outside -110 to -150
2026,401856699,Outside -110 to -150
2026,401858463,Outside -110 to -150
2026,401856700,Outside -110 to -150
2026,401856815,Outside -110 to -150
2026,401856816,Outside -110 to -150
2026,401856698,Outside -110 to -150
2026,401858466,Outside -110 to -150
2026,401858464,Outside -110 to -150
2026,401856814,Outside -110 to -150
2026,401856881,Included
2026,401856696,Outside -110 to -150
2026,401858469,Outside -110 to -150
2026,401856702,Outside -110 to -150
2026,401856703,Outside -110 to -150
2026,401858240,Outside -110 to -150
2026,401858470,Outside -110 to -150
2026,401858245,Included
2026,401858476,Included
2026,401858246,Outside -110 to -150
2026,401856707,Outside -110 to -150
2026,401858251,Outside -110 to -150
2026,401858250,Outside -110 to -150
2026,401856822,Outside -110 to -150
2026,401856819,Outside -110 to -150
2026,401858474,Outside -110 to -150
2026,401858479,Outside -110 to -150
2026,401856705,Outside -110 to -150
2026,401856710,Outside -110 to -150
2026,401858253,Included
2026,401858248,Outside -110 to -150
2026,401858473,Outside -110 to -150
2026,401856708,Outside -110 to -150
2026,401858475,Outside -110 to -150
2026,401858472,Outside -110 to -150
2026,401856709,Included
2026,401856818,Outside -110 to -150
2026,401856711,Outside -110 to -150
2026,401858478,Outside -110 to -150
2026,401858249,Outside -110 to -150
2026,401856821,Outside -110 to -150
2026,401858477,Outside -110 to -150
2026,401856817,Outside -110 to -150
2026,401856820,Outside -110 to -150
