period,metric,condition,winners,all_winners
2024,venue,Home,16,44
2024,venue,Away,21,44
2024,venue,Neutral,7,44
2024,offensive_ypc,Advantage,17,44
2024,offensive_ypc,Disadvantage,23,44
2024,offensive_ypc,Tied,0,44
2024,offensive_ypc,Missing,4,44
2024,defensive_ypc,Advantage,18,44
2024,defensive_ypc,Disadvantage,22,44
2024,defensive_ypc,Tied,0,44
2024,defensive_ypc,Missing,4,44
2024,turnover_margin,Advantage,17,44
2024,turnover_margin,Disadvantage,19,44
2024,turnover_margin,Tied,4,44
2024,turnover_margin,Missing,4,44
2024–2025,venue,Home,26,72
2024–2025,venue,Away,38,72
2024–2025,venue,Neutral,8,72
2024–2025,offensive_ypc,Advantage,29,72
2024–2025,offensive_ypc,Disadvantage,35,72
2024–2025,offensive_ypc,Tied,0,72
2024–2025,offensive_ypc,Missing,8,72
2024–2025,defensive_ypc,Advantage,31,72
2024–2025,defensive_ypc,Disadvantage,33,72
2024–2025,defensive_ypc,Tied,0,72
2024–2025,defensive_ypc,Missing,8,72
2024–2025,turnover_margin,Advantage,32,72
2024–2025,turnover_margin,Disadvantage,28,72
2024–2025,turnover_margin,Tied,4,72
2024–2025,turnover_margin,Missing,8,72
2025,venue,Home,10,28
2025,venue,Away,17,28
2025,venue,Neutral,1,28
2025,offensive_ypc,Advantage,12,28
2025,offensive_ypc,Disadvantage,12,28
2025,offensive_ypc,Tied,0,28
2025,offensive_ypc,Missing,4,28
2025,defensive_ypc,Advantage,13,28
2025,defensive_ypc,Disadvantage,11,28
2025,defensive_ypc,Tied,0,28
2025,defensive_ypc,Missing,4,28
2025,turnover_margin,Advantage,15,28
2025,turnover_margin,Disadvantage,9,28
2025,turnover_margin,Tied,0,28
2025,turnover_margin,Missing,4,28
2026,venue,Home,3,6
2026,venue,Away,3,6
2026,venue,Neutral,0,6
2026,offensive_ypc,Advantage,4,6
2026,offensive_ypc,Disadvantage,2,6
2026,offensive_ypc,Tied,0,6
2026,offensive_ypc,Missing,0,6
2026,defensive_ypc,Advantage,1,6
2026,defensive_ypc,Disadvantage,5,6
2026,defensive_ypc,Tied,0,6
2026,defensive_ypc,Missing,0,6
2026,turnover_margin,Advantage,2,6
2026,turnover_margin,Disadvantage,4,6
2026,turnover_margin,Tied,0,6
2026,turnover_margin,Missing,0,6
All,venue,Home,29,78
All,venue,Away,41,78
All,venue,Neutral,8,78
All,offensive_ypc,Advantage,33,78
All,offensive_ypc,Disadvantage,37,78
All,offensive_ypc,Tied,0,78
All,offensive_ypc,Missing,8,78
All,defensive_ypc,Advantage,32,78
All,defensive_ypc,Disadvantage,38,78
All,defensive_ypc,Tied,0,78
All,defensive_ypc,Missing,8,78
All,turnover_margin,Advantage,34,78
All,turnover_margin,Disadvantage,32,78
All,turnover_margin,Tied,4,78
All,turnover_margin,Missing,8,78
