season,group,six_score,close_style,games,wins,losses,rate
2024,G6,0,Pass majority,18,2,16,0.1111111111111111
2024,G6,0,Run majority,15,2,13,0.13333333333333333
2024,G6,1,Pass majority,34,14,20,0.4117647058823529
2024,G6,1,Run majority,33,10,23,0.30303030303030304
2024,G6,2,Balanced,1,0,1,0.0
2024,G6,2,Pass majority,50,13,37,0.26
2024,G6,2,Run majority,46,17,29,0.3695652173913043
2024,G6,3,Balanced,1,0,1,0.0
2024,G6,3,Pass majority,30,13,17,0.43333333333333335
2024,G6,3,Run majority,45,24,21,0.5333333333333333
2024,G6,4,Balanced,3,2,1,0.6666666666666666
2024,G6,4,Pass majority,38,26,12,0.6842105263157895
2024,G6,4,Run majority,48,33,15,0.6875
2024,G6,5,Balanced,1,1,0,1.0
2024,G6,5,Pass majority,31,19,12,0.6129032258064516
2024,G6,5,Run majority,34,25,9,0.7352941176470589
2024,G6,6,Balanced,1,0,1,0.0
2024,G6,6,Pass majority,11,11,0,1.0
2024,G6,6,Run majority,19,16,3,0.8421052631578947
2024,P4,0,Balanced,1,1,0,1.0
2024,P4,0,Pass majority,22,9,13,0.4090909090909091
2024,P4,0,Run majority,21,1,20,0.047619047619047616
2024,P4,1,Pass majority,39,13,26,0.3333333333333333
2024,P4,1,Run majority,38,9,29,0.23684210526315788
2024,P4,2,Balanced,1,0,1,0.0
2024,P4,2,Pass majority,55,21,34,0.38181818181818183
2024,P4,2,Run majority,50,17,33,0.34
2024,P4,3,Balanced,1,1,0,1.0
2024,P4,3,Pass majority,44,27,17,0.6136363636363636
2024,P4,3,Run majority,52,21,31,0.40384615384615385
2024,P4,4,Balanced,1,1,0,1.0
2024,P4,4,Pass majority,46,32,14,0.6956521739130435
2024,P4,4,Run majority,41,25,16,0.6097560975609756
2024,P4,5,Balanced,2,2,0,1.0
2024,P4,5,Pass majority,36,23,13,0.6388888888888888
2024,P4,5,Run majority,39,29,10,0.7435897435897436
2024,P4,6,Pass majority,20,15,5,0.75
2024,P4,6,Run majority,12,12,0,1.0
2025,G6,0,Balanced,1,0,1,0.0
2025,G6,0,Pass majority,12,5,7,0.4166666666666667
2025,G6,0,Run majority,27,4,23,0.14814814814814814
2025,G6,1,Balanced,2,0,2,0.0
2025,G6,1,Pass majority,36,15,21,0.4166666666666667
2025,G6,1,Run majority,46,19,27,0.41304347826086957
2025,G6,2,Balanced,4,1,3,0.25
2025,G6,2,Pass majority,51,24,27,0.47058823529411764
2025,G6,2,Run majority,64,29,35,0.453125
2025,G6,3,Balanced,1,0,1,0.0
2025,G6,3,Pass majority,45,18,27,0.4
2025,G6,3,Run majority,66,40,26,0.6060606060606061
2025,G6,4,Pass majority,41,22,19,0.5365853658536586
2025,G6,4,Run majority,71,37,34,0.5211267605633803
2025,G6,5,Balanced,1,0,1,0.0
2025,G6,5,Pass majority,23,14,9,0.6086956521739131
2025,G6,5,Run majority,57,35,22,0.6140350877192983
2025,G6,6,Pass majority,7,4,3,0.5714285714285714
2025,G6,6,Run majority,30,24,6,0.8
2025,P4,0,Balanced,3,0,3,0.0
2025,P4,0,Pass majority,23,2,21,0.08695652173913043
2025,P4,0,Run majority,17,2,15,0.11764705882352941
2025,P4,1,Balanced,1,1,0,1.0
2025,P4,1,Pass majority,33,11,22,0.3333333333333333
2025,P4,1,Run majority,59,16,43,0.2711864406779661
2025,P4,2,Balanced,1,1,0,1.0
2025,P4,2,Pass majority,54,21,33,0.3888888888888889
2025,P4,2,Run majority,46,14,32,0.30434782608695654
2025,P4,3,Balanced,3,0,3,0.0
2025,P4,3,Pass majority,59,32,27,0.5423728813559322
2025,P4,3,Run majority,71,35,36,0.49295774647887325
2025,P4,4,Pass majority,45,28,17,0.6222222222222222
2025,P4,4,Run majority,62,42,20,0.6774193548387096
2025,P4,5,Balanced,1,1,0,1.0
2025,P4,5,Pass majority,37,23,14,0.6216216216216216
2025,P4,5,Run majority,45,34,11,0.7555555555555555
2025,P4,6,Balanced,2,1,1,0.5
2025,P4,6,Pass majority,20,19,1,0.95
2025,P4,6,Run majority,18,17,1,0.9444444444444444
2026,G6,0,Run majority,1,0,1,0.0
2026,G6,1,Pass majority,5,1,4,0.2
2026,G6,1,Run majority,3,2,1,0.6666666666666666
2026,G6,2,Pass majority,4,1,3,0.25
2026,G6,2,Run majority,11,5,6,0.45454545454545453
2026,G6,3,Pass majority,4,1,3,0.25
2026,G6,3,Run majority,8,7,1,0.875
2026,G6,4,Balanced,2,2,0,1.0
2026,G6,4,Pass majority,6,4,2,0.6666666666666666
2026,G6,4,Run majority,11,6,5,0.5454545454545454
2026,G6,5,Pass majority,1,1,0,1.0
2026,G6,5,Run majority,5,4,1,0.8
2026,G6,6,Pass majority,1,1,0,1.0
2026,P4,0,Pass majority,2,0,2,0.0
2026,P4,0,Run majority,3,1,2,0.3333333333333333
2026,P4,1,Pass majority,5,5,0,1.0
2026,P4,1,Run majority,9,2,7,0.2222222222222222
2026,P4,2,Pass majority,4,1,3,0.25
2026,P4,2,Run majority,6,2,4,0.3333333333333333
2026,P4,3,Balanced,1,1,0,1.0
2026,P4,3,Pass majority,6,2,4,0.3333333333333333
2026,P4,3,Run majority,10,5,5,0.5
2026,P4,4,Balanced,1,0,1,0.0
2026,P4,4,Pass majority,3,3,0,1.0
2026,P4,4,Run majority,9,7,2,0.7777777777777778
2026,P4,5,Balanced,1,1,0,1.0
2026,P4,5,Pass majority,4,1,3,0.25
2026,P4,5,Run majority,8,4,4,0.5
2026,P4,6,Pass majority,2,2,0,1.0
2026,P4,6,Run majority,3,2,1,0.6666666666666666
