group,six_score,close_style,games,wins,losses,rate
G6,0,Balanced,1,0,1,0.0
G6,0,Pass majority,30,7,23,0.23333333333333334
G6,0,Run majority,43,6,37,0.13953488372093023
G6,1,Balanced,2,0,2,0.0
G6,1,Pass majority,75,30,45,0.4
G6,1,Run majority,82,31,51,0.3780487804878049
G6,2,Balanced,5,1,4,0.2
G6,2,Pass majority,105,38,67,0.3619047619047619
G6,2,Run majority,121,51,70,0.4214876033057851
G6,3,Balanced,2,0,2,0.0
G6,3,Pass majority,79,32,47,0.4050632911392405
G6,3,Run majority,119,71,48,0.5966386554621849
G6,4,Balanced,5,4,1,0.8
G6,4,Pass majority,85,52,33,0.611764705882353
G6,4,Run majority,130,76,54,0.5846153846153846
G6,5,Balanced,2,1,1,0.5
G6,5,Pass majority,55,34,21,0.6181818181818182
G6,5,Run majority,96,64,32,0.6666666666666666
G6,6,Balanced,1,0,1,0.0
G6,6,Pass majority,19,16,3,0.8421052631578947
G6,6,Run majority,49,40,9,0.8163265306122449
P4,0,Balanced,4,1,3,0.25
P4,0,Pass majority,47,11,36,0.23404255319148937
P4,0,Run majority,41,4,37,0.0975609756097561
P4,1,Balanced,1,1,0,1.0
P4,1,Pass majority,77,29,48,0.37662337662337664
P4,1,Run majority,106,27,79,0.25471698113207547
P4,2,Balanced,2,1,1,0.5
P4,2,Pass majority,113,43,70,0.3805309734513274
P4,2,Run majority,102,33,69,0.3235294117647059
P4,3,Balanced,5,2,3,0.4
P4,3,Pass majority,109,61,48,0.5596330275229358
P4,3,Run majority,133,61,72,0.45864661654135336
P4,4,Balanced,2,1,1,0.5
P4,4,Pass majority,94,63,31,0.6702127659574468
P4,4,Run majority,112,74,38,0.6607142857142857
P4,5,Balanced,4,4,0,1.0
P4,5,Pass majority,77,47,30,0.6103896103896104
P4,5,Run majority,92,67,25,0.7282608695652174
P4,6,Balanced,2,1,1,0.5
P4,6,Pass majority,42,36,6,0.8571428571428571
P4,6,Run majority,33,31,2,0.9393939393939394
